country,year,pop,continent,lifeExp,gdpPercap,gniPercap
Afghanistan,1962,10267083.0,Asia,31.997,853.10071,
Afghanistan,1967,11537966.0,Asia,34.02,836.1971382,
Afghanistan,1972,13079460.0,Asia,36.088,739.9811058,
Afghanistan,1977,14880372.0,Asia,38.438,786.11336,
Afghanistan,1982,12881816.0,Asia,39.854,978.0114388,
Afghanistan,1987,13867957.0,Asia,40.822,852.3959448,
Afghanistan,1992,16317921.0,Asia,41.674,649.3413952,
Afghanistan,1997,22227415.0,Asia,41.763,635.341351,
Afghanistan,2002,25268405.0,Asia,42.129,726.7340548,
Afghanistan,2007,31889923.0,Asia,43.828,974.5803384,
Albania,1962,1728137.0,Europe,64.82,2312.888958,
Albania,1967,1984060.0,Europe,66.22,2760.196931,
Albania,1972,2263554.0,Europe,67.69,3313.422188,
Albania,1977,2509048.0,Europe,68.93,3533.00391,
Albania,1982,2780097.0,Europe,70.42,3630.880722,
Albania,1987,3075321.0,Europe,72.0,3738.932735,730
Albania,1992,3326498.0,Europe,71.581,2497.437901,320
Albania,1997,3428038.0,Europe,72.95,3193.054604,860
Albania,2002,3508512.0,Europe,75.651,4604.211737,1650
Albania,2007,3600523.0,Europe,76.423,5937.029526,4040
Algeria,1962,11000948.0,Africa,48.303,2550.81688,230
Algeria,1967,12760499.0,Africa,51.407,3246.991771,280
Algeria,1972,14760787.0,Africa,54.518,4182.663766,530
Algeria,1977,17152804.0,Africa,58.014,4910.416756,1320
Algeria,1982,20033753.0,Africa,61.368,5745.160213,2190
Algeria,1987,23254956.0,Africa,65.799,5681.358539,2750
Algeria,1992,26298373.0,Africa,67.744,5023.216647,1730
Algeria,1997,29072015.0,Africa,69.152,4797.295051,1540
Algeria,2002,31287142.0,Africa,70.994,5288.040382,1930
Algeria,2007,33333216.0,Africa,72.301,6223.367465,4210
Angola,1962,4826015.0,Africa,34.0,4269.276742,
Angola,1967,5247469.0,Africa,35.985,5522.776375,
Angola,1972,5894858.0,Africa,37.928,5473.288005,
Angola,1977,6162675.0,Africa,39.483,3008.647355,
Angola,1982,7016384.0,Africa,39.942,2756.953672,
Angola,1987,7874230.0,Africa,39.906,2430.208311,650
Angola,1992,8735988.0,Africa,40.647,2627.845685,290
Angola,1997,9875024.0,Africa,40.963,2277.140884,410
Angola,2002,10866106.0,Africa,41.003,2773.287312,710
Angola,2007,12420476.0,Africa,42.731,4797.231267,3030
Argentina,1962,21283783.0,Americas,65.142,7133.166023,
Argentina,1967,22934225.0,Americas,65.634,8052.953021,1210
Argentina,1972,24779799.0,Americas,67.065,9443.038526,1820
Argentina,1977,26983828.0,Americas,68.481,10079.02674,2190
Argentina,1982,29341374.0,Americas,69.942,8997.897412,2870
Argentina,1987,31620918.0,Americas,70.774,9139.671389,3960
Argentina,1992,33958947.0,Americas,71.868,9308.41871,7120
Argentina,1997,36203463.0,Americas,73.275,10967.28195,8030
Argentina,2002,38331121.0,Americas,74.34,8797.640716,3650
Argentina,2007,40301927.0,Americas,75.32,12779.37964,7670
Australia,1962,10794968.0,Oceania,70.93,12217.22686,1970
Australia,1967,11872264.0,Oceania,71.1,14526.12465,2730
Australia,1972,13177000.0,Oceania,71.93,16788.62948,4650
Australia,1977,14074100.0,Oceania,73.49,18334.19751,8470
Australia,1982,15184200.0,Oceania,74.74,19477.00928,11600
Australia,1987,16257249.0,Oceania,76.32,21888.88903,14100
Australia,1992,17481977.0,Oceania,77.56,23424.76683,18900
Australia,1997,18565243.0,Oceania,78.83,26997.93657,21800
Australia,2002,19546792.0,Oceania,80.37,30687.75473,21200
Australia,2007,20434176.0,Oceania,81.235,34435.36744,42400
Austria,1962,7129864.0,Europe,69.54,10750.72111,1140
Austria,1967,7376998.0,Europe,70.14,12834.6024,1680
Austria,1972,7544201.0,Europe,70.63,16661.6256,3580
Austria,1977,7568430.0,Europe,72.17,19749.4223,7540
Austria,1982,7574613.0,Europe,73.18,21597.08362,9600
Austria,1987,7578903.0,Europe,74.94,23687.82607,18100
Austria,1992,7914969.0,Europe,76.04,27042.01868,24900
Austria,1997,8069876.0,Europe,77.51,29095.92066,28000
Austria,2002,8148312.0,Europe,78.98,32417.60769,28100
Austria,2007,8199783.0,Europe,79.829,36126.4927,49200
Bahrain,1962,171863.0,Asia,56.923,12753.27514,
Bahrain,1967,202182.0,Asia,59.923,14804.6727,
Bahrain,1972,230800.0,Asia,63.3,18268.65839,
Bahrain,1977,297410.0,Asia,65.593,19340.10196,
Bahrain,1982,377967.0,Asia,69.052,19211.14731,9150
Bahrain,1987,454612.0,Asia,70.75,18524.02406,7800
Bahrain,1992,529491.0,Asia,72.601,19035.57917,10000
Bahrain,1997,598561.0,Asia,73.925,20292.01679,10100
Bahrain,2002,656397.0,Asia,74.795,23403.55927,12900
Bahrain,2007,708573.0,Asia,75.635,29796.04834,20900
Bangladesh,1962,56839289.0,Asia,41.216,686.3415538,
Bangladesh,1967,62821884.0,Asia,43.453,721.1860862,
Bangladesh,1972,70759295.0,Asia,45.252,630.2336265,120
Bangladesh,1977,80428306.0,Asia,46.923,659.8772322,170
Bangladesh,1982,93074406.0,Asia,50.009,676.9818656,230
Bangladesh,1987,103764241.0,Asia,52.819,751.9794035,290
Bangladesh,1992,113704579.0,Asia,56.018,837.8101643,320
Bangladesh,1997,123315288.0,Asia,59.412,972.7700352,420
Bangladesh,2002,135656790.0,Asia,62.013,1136.39043,460
Bangladesh,2007,150448339.0,Asia,64.062,1391.253792,660
Belgium,1962,9218400.0,Europe,70.25,10991.20676,1530
Belgium,1967,9556500.0,Europe,70.94,13149.04119,2270
Belgium,1972,9709100.0,Europe,71.44,16672.14356,4690
Belgium,1977,9821800.0,Europe,72.8,19117.97448,9560
Belgium,1982,9856303.0,Europe,73.93,20979.84589,9430
Belgium,1987,9870200.0,Europe,75.35,22525.56308,17000
Belgium,1992,10045622.0,Europe,76.46,25575.57069,23400
Belgium,1997,10199787.0,Europe,77.53,27561.19663,26500
Belgium,2002,10311970.0,Europe,78.32,30485.88375,27100
Belgium,2007,10392226.0,Europe,79.441,33692.60508,46600
Benin,1962,2151895.0,Africa,42.618,949.4990641,100
Benin,1967,2427334.0,Africa,44.885,1035.831411,120
Benin,1972,2761407.0,Africa,47.014,1085.796879,160
Benin,1977,3168267.0,Africa,49.19,1029.161251,250
Benin,1982,3641603.0,Africa,50.904,1277.897616,290
Benin,1987,4243788.0,Africa,52.337,1225.85601,360
Benin,1992,4981671.0,Africa,53.919,1191.207681,380
Benin,1997,6066080.0,Africa,54.777,1232.975292,370
Benin,2002,7026113.0,Africa,54.406,1372.877931,600
Benin,2007,8078314.0,Africa,56.728,1441.284873,1030
Bolivia,1962,3593918.0,Americas,43.428,2180.972546,
Bolivia,1967,4040665.0,Americas,45.032,2586.886053,
Bolivia,1972,4565872.0,Americas,46.714,2980.331339,
Bolivia,1977,5079716.0,Americas,50.023,3548.097832,650
Bolivia,1982,5642224.0,Americas,53.859,3156.510452,840
Bolivia,1987,6156369.0,Americas,57.251,2753.69149,710
Bolivia,1992,6893451.0,Americas,59.957,2961.699694,790
Bolivia,1997,7693188.0,Americas,62.05,3326.143191,990
Bolivia,2002,8445134.0,Americas,63.883,3413.26269,910
Bolivia,2007,9119152.0,Americas,65.554,3822.137084,1480
Bosnia and Herzegovina,1962,3349000.0,Europe,61.93,1709.683679,
Bosnia and Herzegovina,1967,3585000.0,Europe,64.79,2172.352423,
Bosnia and Herzegovina,1972,3819000.0,Europe,67.45,2860.16975,
Bosnia and Herzegovina,1977,4086000.0,Europe,69.86,3528.481305,
Bosnia and Herzegovina,1982,4172693.0,Europe,70.69,4126.613157,
Bosnia and Herzegovina,1987,4338977.0,Europe,71.14,4314.114757,
Bosnia and Herzegovina,1992,4256013.0,Europe,72.178,2546.781445,
Bosnia and Herzegovina,1997,3607000.0,Europe,73.244,4766.355904,1330
Bosnia and Herzegovina,2002,4165416.0,Europe,74.09,6018.975239,2030
Bosnia and Herzegovina,2007,4552198.0,Europe,74.852,7446.298803,4730
Botswana,1962,512764.0,Africa,51.52,983.6539764,80
Botswana,1967,553541.0,Africa,53.298,1214.709294,120
Botswana,1972,619351.0,Africa,56.024,2263.611114,350
Botswana,1977,781472.0,Africa,59.319,3214.857818,690
Botswana,1982,970347.0,Africa,61.484,4551.14215,1170
Botswana,1987,1151184.0,Africa,63.622,6205.88385,1980
Botswana,1992,1342614.0,Africa,62.745,7954.111645,3330
Botswana,1997,1536536.0,Africa,52.556,8647.142313,3210
Botswana,2002,1630347.0,Africa,46.634,11003.60508,3370
Botswana,2007,1639131.0,Africa,50.728,12569.85177,5740
Brazil,1962,76039390.0,Americas,55.665,3336.585802,
Brazil,1967,88049823.0,Americas,57.632,3429.864357,380
Brazil,1972,100840058.0,Americas,59.504,4985.711467,730
Brazil,1977,114313951.0,Americas,61.489,6660.118654,1710
Brazil,1982,128962939.0,Americas,63.336,7030.835878,1780
Brazil,1987,142938076.0,Americas,65.205,7807.095818,2310
Brazil,1992,155975974.0,Americas,67.057,6950.283021,2310
Brazil,1997,168546719.0,Americas,69.388,7957.980824,4840
Brazil,2002,179914212.0,Americas,71.006,8131.212843,2990
Brazil,2007,190010647.0,Americas,72.39,9065.800825,7620
Bulgaria,1962,8012946.0,Europe,69.51,4254.337839,
Bulgaria,1967,8310226.0,Europe,70.42,5577.0028,
Bulgaria,1972,8576200.0,Europe,70.9,6597.494398,
Bulgaria,1977,8797022.0,Europe,70.81,7612.240438,
Bulgaria,1982,8892098.0,Europe,71.08,8224.191647,2090
Bulgaria,1987,8971958.0,Europe,71.34,8239.854824,3110
Bulgaria,1992,8658506.0,Europe,71.19,6302.623438,1250
Bulgaria,1997,8066057.0,Europe,70.32,5970.38876,1440
Bulgaria,2002,7661799.0,Europe,72.14,7696.777725,2370
Bulgaria,2007,7322858.0,Europe,73.005,10680.79282,6070
Burkina Faso,1962,4919632.0,Africa,37.814,722.5120206,80
Burkina Faso,1967,5127935.0,Africa,40.697,794.8265597,90
Burkina Faso,1972,5433886.0,Africa,43.591,854.7359763,110
Burkina Faso,1977,5889574.0,Africa,46.137,743.3870368,200
Burkina Faso,1982,6634596.0,Africa,48.122,807.1985855,240
Burkina Faso,1987,7586551.0,Africa,49.557,912.0631417,330
Burkina Faso,1992,8878303.0,Africa,50.26,931.7527731,360
Burkina Faso,1997,10352843.0,Africa,50.324,946.2949618,250
Burkina Faso,2002,12251209.0,Africa,50.65,1037.645221,320
Burkina Faso,2007,14326203.0,Africa,52.295,1217.032994,570
Burundi,1962,2961915.0,Africa,42.045,355.2032273,80
Burundi,1967,3330989.0,Africa,43.548,412.9775136,50
Burundi,1972,3529983.0,Africa,44.057,464.0995039,80
Burundi,1977,3834415.0,Africa,45.91,556.1032651,150
Burundi,1982,4580410.0,Africa,47.471,559.603231,230
Burundi,1987,5126023.0,Africa,48.211,621.8188189,250
Burundi,1992,5809236.0,Africa,44.736,631.6998778,180
Burundi,1997,6121610.0,Africa,45.326,463.1151478,150
Burundi,2002,7021078.0,Africa,47.36,446.4035126,120
Burundi,2007,8390505.0,Africa,49.58,430.0706916,190
Cambodia,1962,6083619.0,Asia,43.415,496.9136476,
Cambodia,1967,6960067.0,Asia,45.415,523.4323142,
Cambodia,1972,7450606.0,Asia,40.317,421.6240257,
Cambodia,1977,6978607.0,Asia,31.22,524.9721832,
Cambodia,1982,7272485.0,Asia,50.957,624.4754784,
Cambodia,1987,8371791.0,Asia,53.914,683.8955732,
Cambodia,1992,10150094.0,Asia,55.803,682.3031755,
Cambodia,1997,11782962.0,Asia,56.534,734.28517,290
Cambodia,2002,12926707.0,Asia,56.752,896.2260153,350
Cambodia,2007,14131858.0,Asia,59.723,1713.778686,670
Cameroon,1962,5793633.0,Africa,42.643,1399.607441,
Cameroon,1967,6335506.0,Africa,44.799,1508.453148,130
Cameroon,1972,7021028.0,Africa,47.049,1684.146528,220
Cameroon,1977,7959865.0,Africa,49.355,1783.432873,520
Cameroon,1982,9250831.0,Africa,52.961,2367.983282,700
Cameroon,1987,10780667.0,Africa,54.985,2602.664206,1180
Cameroon,1992,12467171.0,Africa,54.314,1793.163278,950
Cameroon,1997,14195809.0,Africa,52.199,1694.337469,740
Cameroon,2002,15929988.0,Africa,49.856,1934.011449,790
Cameroon,2007,17696293.0,Africa,50.43,2042.09524,1310
Canada,1962,18985849.0,Americas,71.3,13462.48555,
Canada,1967,20819767.0,Americas,72.13,16076.58803,
Canada,1972,22284500.0,Americas,72.88,18970.57086,
Canada,1977,23796400.0,Americas,74.21,22090.88306,
Canada,1982,25201900.0,Americas,75.76,22898.79214,
Canada,1987,26549700.0,Americas,76.86,26626.51503,
Canada,1992,28523502.0,Americas,77.95,26342.88426,
Canada,1997,30305843.0,Americas,78.61,28954.92589,
Canada,2002,31902268.0,Americas,79.77,33328.96507,25900
Canada,2007,33390141.0,Americas,80.653,36319.23501,45600
Central African Republic,1962,1523478.0,Africa,39.475,1193.068753,80
Central African Republic,1967,1733638.0,Africa,41.478,1136.056615,100
Central African Republic,1972,1927260.0,Africa,43.457,1070.013275,140
Central African Republic,1977,2167533.0,Africa,46.775,1109.374338,280
Central African Republic,1982,2476971.0,Africa,48.295,956.7529907,270
Central African Republic,1987,2840009.0,Africa,50.485,844.8763504,490
Central African Republic,1992,3265124.0,Africa,49.396,747.9055252,450
Central African Republic,1997,3696513.0,Africa,46.066,740.5063317,280
Central African Republic,2002,4048013.0,Africa,43.308,738.6906068,260
Central African Republic,2007,4369038.0,Africa,44.741,706.016537,420
Chad,1962,3150417.0,Africa,41.716,1389.817618,110
Chad,1967,3495967.0,Africa,43.601,1196.810565,130
Chad,1972,3899068.0,Africa,45.569,1104.103987,160
Chad,1977,4388260.0,Africa,47.383,1133.98495,240
Chad,1982,4875118.0,Africa,49.517,797.9081006,190
Chad,1987,5498955.0,Africa,51.051,952.386129,270
Chad,1992,6429417.0,Africa,51.724,1058.0643,240
Chad,1997,7562011.0,Africa,51.573,1004.961353,220
Chad,2002,8835739.0,Africa,50.525,1156.18186,210
Chad,2007,10238807.0,Africa,50.651,1704.063724,700
Chile,1962,7961258.0,Americas,57.924,4519.094331,630
Chile,1967,8858908.0,Americas,60.523,5106.654313,780
Chile,1972,9717524.0,Americas,63.441,5494.024437,1360
Chile,1977,10599793.0,Americas,67.052,4756.763836,1360
Chile,1982,11487112.0,Americas,70.565,5095.665738,1820
Chile,1987,12463354.0,Americas,72.492,5547.063754,1930
Chile,1992,13572994.0,Americas,74.126,7596.125964,3440
Chile,1997,14599929.0,Americas,75.816,10118.05318,5490
Chile,2002,15497046.0,Americas,77.86,10778.78385,4510
Chile,2007,16284741.0,Americas,78.553,13171.63885,10100
China,1962,665770000.0,Asia,44.50136,487.6740183,80
China,1967,754550000.0,Asia,58.38112,612.7056934,90
China,1972,862030000.0,Asia,63.11888,676.9000921,160
China,1977,943455000.0,Asia,63.96736,741.2374699,200
China,1982,1000281000.0,Asia,65.525,962.4213805,220
China,1987,1084035000.0,Asia,67.274,1378.904018,330
China,1992,1164970000.0,Asia,68.69,1655.784158,420
China,1997,1230075000.0,Asia,70.426,2289.234136,800
China,2002,1280400000.0,Asia,72.028,3119.280896,1280
China,2007,1318683096.0,Asia,72.961,4959.114854,3100
Colombia,1962,17009885.0,Americas,57.863,2492.351109,280
Colombia,1967,19764027.0,Americas,59.963,2678.729839,300
Colombia,1972,22542890.0,Americas,61.623,3264.660041,460
Colombia,1977,25094412.0,Americas,63.837,3815.80787,850
Colombia,1982,27764644.0,Americas,66.653,4397.575659,1280
Colombia,1987,30964245.0,Americas,67.768,4903.2191,1300
Colombia,1992,34202721.0,Americas,68.421,5444.648617,1740
Colombia,1997,37657830.0,Americas,70.313,6117.361746,2570
Colombia,2002,41008227.0,Americas,71.682,5755.259962,2370
Colombia,2007,44227550.0,Americas,72.889,7006.580419,4710
Comoros,1962,191689.0,Africa,44.467,1406.648278,
Comoros,1967,217378.0,Africa,46.472,1876.029643,
Comoros,1972,250027.0,Africa,48.944,1937.577675,
Comoros,1977,304739.0,Africa,50.939,1172.603047,
Comoros,1982,348643.0,Africa,52.933,1267.100083,590
Comoros,1987,395114.0,Africa,54.926,1315.980812,960
Comoros,1992,454429.0,Africa,57.939,1246.90737,1080
Comoros,1997,527982.0,Africa,60.66,1173.618235,730
Comoros,2002,614382.0,Africa,62.974,1075.811558,790
Comoros,2007,710960.0,Africa,65.152,986.1478792,1290
Costa Rica,1962,1345187.0,Americas,62.842,3460.937025,350
Costa Rica,1967,1588717.0,Americas,65.424,4161.727834,440
Costa Rica,1972,1834796.0,Americas,67.849,5118.146939,760
Costa Rica,1977,2108457.0,Americas,70.75,5926.876967,1480
Costa Rica,1982,2424367.0,Americas,73.45,5262.734751,940
Costa Rica,1987,2799811.0,Americas,74.752,5629.915318,1650
Costa Rica,1992,3173216.0,Americas,75.713,6160.416317,2740
Costa Rica,1997,3518107.0,Americas,77.26,6677.045314,3400
Costa Rica,2002,3834934.0,Americas,78.123,7723.447195,4030
Costa Rica,2007,4133884.0,Americas,78.782,9645.06142,6410
Cote d'Ivoire,1962,3832408.0,Africa,44.93,1728.869428,180
Cote d'Ivoire,1967,4744870.0,Africa,47.35,2052.050473,270
Cote d'Ivoire,1972,6071696.0,Africa,49.801,2378.201111,380
Cote d'Ivoire,1977,7459574.0,Africa,52.374,2517.736547,950
Cote d'Ivoire,1982,9025951.0,Africa,53.983,2602.710169,720
Cote d'Ivoire,1987,10761098.0,Africa,54.655,2156.956069,910
Cote d'Ivoire,1992,12772596.0,Africa,52.044,1648.073791,750
Cote d'Ivoire,1997,14625967.0,Africa,47.991,1786.265407,760
Cote d'Ivoire,2002,16252726.0,Africa,46.832,1648.800823,630
Cote d'Ivoire,2007,18013409.0,Africa,48.328,1544.750112,1090
Croatia,1962,4076557.0,Europe,67.13,5477.890018,
Croatia,1967,4174366.0,Europe,68.5,6960.297861,
Croatia,1972,4225310.0,Europe,69.61,9164.090127,
Croatia,1977,4318673.0,Europe,70.64,11305.38517,
Croatia,1982,4413368.0,Europe,70.46,13221.82184,
Croatia,1987,4484310.0,Europe,71.52,13822.58394,
Croatia,1992,4494013.0,Europe,72.527,8447.794873,
Croatia,1997,4444595.0,Europe,73.68,9875.604515,5470
Croatia,2002,4481020.0,Europe,74.876,11628.38895,6730
Croatia,2007,4493312.0,Europe,75.748,14619.22272,14400
Cuba,1962,7254373.0,Americas,65.246,5180.75591,
Cuba,1967,8139332.0,Americas,68.29,5690.268015,
Cuba,1972,8831348.0,Americas,70.723,5305.445256,1040
Cuba,1977,9537988.0,Americas,72.649,6380.494966,1790
Cuba,1982,9789224.0,Americas,73.717,7316.918107,2180
Cuba,1987,10239839.0,Americas,74.174,7532.924763,2780
Cuba,1992,10723260.0,Americas,74.414,5592.843963,1870
Cuba,1997,10983007.0,Americas,76.151,5431.990415,2240
Cuba,2002,11226999.0,Americas,77.158,6340.646683,3100
Cuba,2007,11416987.0,Americas,78.273,8948.102923,5460
Czech Republic,1962,9620282.0,Europe,69.9,10136.86713,
Czech Republic,1967,9835109.0,Europe,70.38,11399.44489,
Czech Republic,1972,9862158.0,Europe,70.29,13108.4536,
Czech Republic,1977,10161915.0,Europe,70.71,14800.16062,
Czech Republic,1982,10303704.0,Europe,70.96,15377.22855,
Czech Republic,1987,10311597.0,Europe,71.58,16310.4434,
Czech Republic,1992,10315702.0,Europe,72.4,14297.02122,3500
Czech Republic,1997,10300707.0,Europe,74.01,16048.51424,6110
Czech Republic,2002,10256295.0,Europe,75.51,17596.21022,8110
Czech Republic,2007,10228744.0,Europe,76.486,22833.30851,18500
Denmark,1962,4646899.0,Europe,72.35,13583.31351,
Denmark,1967,4838800.0,Europe,72.96,15937.21123,2870
Denmark,1972,4991596.0,Europe,73.47,18866.20721,5580
Denmark,1977,5088419.0,Europe,74.69,20422.9015,11200
Denmark,1982,5117810.0,Europe,74.63,21688.04048,11700
Denmark,1987,5127024.0,Europe,74.8,25116.17581,22100
Denmark,1992,5171393.0,Europe,75.33,26406.73985,28600
Denmark,1997,5283663.0,Europe,76.11,29804.34567,33500
Denmark,2002,5374693.0,Europe,77.18,32166.50006,34800
Denmark,2007,5468120.0,Europe,78.332,35278.41874,60400
Djibouti,1962,89898.0,Africa,39.693,3020.989263,
Djibouti,1967,127617.0,Africa,42.074,3020.050513,
Djibouti,1972,178848.0,Africa,44.366,3694.212352,
Djibouti,1977,228694.0,Africa,46.519,3081.761022,
Djibouti,1982,305991.0,Africa,48.812,2879.468067,
Djibouti,1987,311025.0,Africa,50.04,2880.102568,
Djibouti,1992,384156.0,Africa,51.604,2377.156192,
Djibouti,1997,417908.0,Africa,53.157,1895.016984,
Djibouti,2002,447416.0,Africa,53.373,1908.260867,
Djibouti,2007,496374.0,Africa,54.791,2082.481567,
Dominican Republic,1962,3453434.0,Americas,53.459,1662.137359,240
Dominican Republic,1967,4049146.0,Americas,56.751,1653.723003,250
Dominican Republic,1972,4671329.0,Americas,59.631,2189.874499,520
Dominican Republic,1977,5302800.0,Americas,61.788,2681.9889,900
Dominican Republic,1982,5968349.0,Americas,63.727,2861.092386,1240
Dominican Republic,1987,6655297.0,Americas,66.046,2899.842175,920
Dominican Republic,1992,7351181.0,Americas,68.457,3044.214214,1620
Dominican Republic,1997,7992357.0,Americas,69.957,3614.101285,2450
Dominican Republic,2002,8650322.0,Americas,70.847,4563.808154,2640
Dominican Republic,2007,9319622.0,Americas,72.235,6025.374752,4760
Ecuador,1962,4681707.0,Americas,54.64,4086.114078,350
Ecuador,1967,5432424.0,Americas,56.678,4579.074215,470
Ecuador,1972,6298651.0,Americas,58.796,5280.99471,600
Ecuador,1977,7278866.0,Americas,61.31,6679.62326,1550
Ecuador,1982,8365850.0,Americas,64.342,7213.791267,2110
Ecuador,1987,9545158.0,Americas,67.231,6481.776993,1510
Ecuador,1992,10748394.0,Americas,69.613,7103.702595,1670
Ecuador,1997,11911819.0,Americas,72.312,7429.455877,2160
Ecuador,2002,12921234.0,Americas,74.173,5773.044512,2110
Ecuador,2007,13755680.0,Americas,74.994,6873.262326,3850
Egypt,1962,28173309.0,Africa,46.992,1693.335853,
Egypt,1967,31681188.0,Africa,49.293,1814.880728,180
Egypt,1972,34807417.0,Africa,51.137,2024.008147,290
Egypt,1977,38783863.0,Africa,53.319,2785.493582,390
Egypt,1982,45681811.0,Africa,56.006,3503.729636,560
Egypt,1987,52799062.0,Africa,59.797,3885.46071,840
Egypt,1992,59402198.0,Africa,63.674,3794.755195,760
Egypt,1997,66134291.0,Africa,67.217,4173.181797,1210
Egypt,2002,73312559.0,Africa,69.806,4754.604414,1240
Egypt,2007,80264543.0,Africa,71.338,5581.180998,1840
El Salvador,1962,2747687.0,Americas,52.307,3776.803627,
El Salvador,1967,3232927.0,Americas,55.855,4358.595393,300
El Salvador,1972,3790903.0,Americas,58.207,4520.246008,380
El Salvador,1977,4282586.0,Americas,56.696,5138.922374,710
El Salvador,1982,4474873.0,Americas,56.604,4098.344175,670
El Salvador,1987,4842194.0,Americas,63.154,4140.442097,860
El Salvador,1992,5274649.0,Americas,66.798,4444.2317,1170
El Salvador,1997,5783439.0,Americas,69.535,5154.825496,1750
El Salvador,2002,6353681.0,Americas,70.734,5351.568666,2130
El Salvador,2007,6939688.0,Americas,71.878,5728.353514,2870
Equatorial Guinea,1962,249220.0,Africa,37.485,582.8419714,
Equatorial Guinea,1967,259864.0,Africa,38.987,915.5960025,
Equatorial Guinea,1972,277603.0,Africa,40.516,672.4122571,
Equatorial Guinea,1977,192675.0,Africa,42.024,958.5668124,
Equatorial Guinea,1982,285483.0,Africa,43.662,927.8253427,130
Equatorial Guinea,1987,341244.0,Africa,45.664,966.8968149,250
Equatorial Guinea,1992,387838.0,Africa,47.545,1132.055034,370
Equatorial Guinea,1997,439971.0,Africa,48.245,2814.480755,700
Equatorial Guinea,2002,495627.0,Africa,49.348,7703.4959,1190
Equatorial Guinea,2007,551201.0,Africa,51.579,12154.08975,14300
Eritrea,1962,1666618.0,Africa,40.158,380.9958433,
Eritrea,1967,1820319.0,Africa,42.189,468.7949699,
Eritrea,1972,2260187.0,Africa,44.142,514.3242082,
Eritrea,1977,2512642.0,Africa,44.535,505.7538077,
Eritrea,1982,2637297.0,Africa,43.89,524.8758493,
Eritrea,1987,2915959.0,Africa,46.453,521.1341333,
Eritrea,1992,3668440.0,Africa,49.991,582.8585102,
Eritrea,1997,4058319.0,Africa,53.378,913.47079,330
Eritrea,2002,4414865.0,Africa,55.24,765.3500015,300
Eritrea,2007,4906585.0,Africa,58.04,641.3695236,410
Ethiopia,1962,25145372.0,Africa,40.059,419.4564161,
Ethiopia,1967,27860297.0,Africa,42.115,516.1186438,
Ethiopia,1972,30770372.0,Africa,43.515,566.2439442,
Ethiopia,1977,34617799.0,Africa,44.51,556.8083834,
Ethiopia,1982,38111756.0,Africa,44.916,577.8607471,210
Ethiopia,1987,42999530.0,Africa,46.684,573.7413142,270
Ethiopia,1992,52088559.0,Africa,48.091,421.3534653,210
Ethiopia,1997,59861301.0,Africa,49.402,515.8894013,130
Ethiopia,2002,67946797.0,Africa,50.725,530.0535319,110
Ethiopia,2007,76511887.0,Africa,52.947,690.8055759,280
Finland,1962,4491443.0,Europe,68.75,9371.842561,1470
Finland,1967,4605744.0,Europe,69.83,10921.63626,2090
Finland,1972,4639657.0,Europe,70.87,14358.8759,4030
Finland,1977,4738902.0,Europe,72.52,15605.42283,7910
Finland,1982,4826933.0,Europe,74.55,18533.15761,10800
Finland,1987,4931729.0,Europe,74.83,21141.01223,21500
Finland,1992,5041039.0,Europe,75.7,20647.16499,20700
Finland,1997,5134406.0,Europe,77.13,23723.9502,25800
Finland,2002,5193039.0,Europe,78.37,28204.59057,28800
Finland,2007,5238460.0,Europe,79.313,33207.0844,50200
France,1962,47124000.0,Europe,70.51,10560.48553,1700
France,1967,49569000.0,Europe,71.55,12999.91766,2560
France,1972,51732000.0,Europe,72.38,16107.19171,4690
France,1977,53165019.0,Europe,73.83,18292.63514,8830
France,1982,54433565.0,Europe,74.89,20293.89746,10400
France,1987,55630100.0,Europe,76.34,22066.44214,18500
France,1992,57374179.0,Europe,77.46,24703.79615,23600
France,1997,58623428.0,Europe,78.64,25889.78487,25800
France,2002,59925035.0,Europe,79.59,28926.03234,26000
France,2007,61083916.0,Europe,80.657,30470.0167,43500
Gabon,1962,455661.0,Africa,40.489,6631.459222,410
Gabon,1967,489004.0,Africa,44.598,8358.761987,460
Gabon,1972,537977.0,Africa,48.69,11401.94841,910
Gabon,1977,706367.0,Africa,52.79,21745.57328,3090
Gabon,1982,753874.0,Africa,56.564,15113.36194,4260
Gabon,1987,880397.0,Africa,60.19,11864.40844,4150
Gabon,1992,985739.0,Africa,61.366,13522.15752,4430
Gabon,1997,1126189.0,Africa,60.461,14722.84188,3940
Gabon,2002,1299304.0,Africa,56.761,12521.71392,3880
Gabon,2007,1454867.0,Africa,56.735,13206.48452,7320
Gambia,1962,374020.0,Africa,33.896,599.650276,
Gambia,1967,439593.0,Africa,35.857,734.7829124,110
Gambia,1972,517101.0,Africa,38.308,756.0868363,150
Gambia,1977,608274.0,Africa,41.842,884.7552507,260
Gambia,1982,715523.0,Africa,45.58,835.8096108,300
Gambia,1987,848406.0,Africa,49.265,611.6588611,300
Gambia,1992,1025384.0,Africa,52.644,665.6244126,710
Gambia,1997,1235767.0,Africa,55.861,653.7301704,660
Gambia,2002,1457766.0,Africa,58.041,660.5855997,390
Gambia,2007,1688359.0,Africa,59.448,752.7497265,810
Germany,1962,73739117.0,Europe,70.3,12902.46291,
Germany,1967,76368453.0,Europe,70.8,14745.62561,
Germany,1972,78717088.0,Europe,71.0,18016.18027,4670
Germany,1977,78160773.0,Europe,72.5,20512.92123,8870
Germany,1982,78335266.0,Europe,73.8,22031.53274,10000
Germany,1987,77718298.0,Europe,74.847,24639.18566,18600
Germany,1992,80597764.0,Europe,76.07,26505.30317,26000
Germany,1997,82011073.0,Europe,77.34,27788.88416,27900
Germany,2002,82350671.0,Europe,78.67,30035.80198,26100
Germany,2007,82400996.0,Europe,79.406,32170.37442,43600
Ghana,1962,7355248.0,Africa,46.452,1190.041118,200
Ghana,1967,8490213.0,Africa,48.072,1125.69716,220
Ghana,1972,9354120.0,Africa,49.875,1178.223708,280
Ghana,1977,10538093.0,Africa,51.756,993.2239571,350
Ghana,1982,11400338.0,Africa,53.744,876.032569,320
Ghana,1987,14168101.0,Africa,55.729,847.0061135,440
Ghana,1992,16278738.0,Africa,57.501,925.060154,420
Ghana,1997,18418288.0,Africa,58.556,1005.245812,390
Ghana,2002,20550751.0,Africa,58.453,1111.984578,320
Ghana,2007,22873338.0,Africa,60.022,1327.60891,1150
Greece,1962,8448233.0,Europe,69.51,6017.190733,700
Greece,1967,8716441.0,Europe,71.0,8513.097016,1200
Greece,1972,8888628.0,Europe,72.34,12724.82957,
Greece,1977,9308479.0,Europe,73.68,14195.52428,
Greece,1982,9786480.0,Europe,75.24,15268.42089,
Greece,1987,9974490.0,Europe,76.67,16120.52839,
Greece,1992,10325429.0,Europe,77.03,17541.49634,
Greece,1997,10502372.0,Europe,77.869,18747.69814,
Greece,2002,10603863.0,Europe,78.256,22514.2548,
Greece,2007,10706290.0,Europe,79.483,27538.41188,28700
Guatemala,1962,4208858.0,Americas,46.954,2750.364446,280
Guatemala,1967,4690773.0,Americas,50.016,3242.531147,310
Guatemala,1972,5149581.0,Americas,53.738,4031.408271,450
Guatemala,1977,5703430.0,Americas,56.029,4879.992748,920
Guatemala,1982,6395630.0,Americas,58.137,4820.49479,1110
Guatemala,1987,7326406.0,Americas,60.782,4246.485974,980
Guatemala,1992,8486949.0,Americas,63.373,4439.45084,1140
Guatemala,1997,9803875.0,Americas,66.322,4684.313807,1610
Guatemala,2002,11178650.0,Americas,68.978,4858.347495,1670
Guatemala,2007,12572928.0,Americas,70.259,5186.050003,2610
Guinea,1962,3140003.0,Africa,35.753,686.3736739,
Guinea,1967,3451418.0,Africa,37.197,708.7595409,
Guinea,1972,3811387.0,Africa,38.842,741.6662307,
Guinea,1977,4227026.0,Africa,40.762,874.6858643,
Guinea,1982,4710497.0,Africa,42.891,857.2503577,
Guinea,1987,5650262.0,Africa,45.552,805.5724718,400
Guinea,1992,6990574.0,Africa,48.576,794.3484384,490
Guinea,1997,8048834.0,Africa,51.455,869.4497668,470
Guinea,2002,8807818.0,Africa,53.676,945.5835837,340
Guinea,2007,9947814.0,Africa,56.007,942.6542111,620
Guinea-Bissau,1962,627820.0,Africa,34.488,522.0343725,
Guinea-Bissau,1967,601287.0,Africa,35.492,715.5806402,
Guinea-Bissau,1972,625361.0,Africa,36.486,820.2245876,130
Guinea-Bissau,1977,745228.0,Africa,37.465,764.7259628,160
Guinea-Bissau,1982,825987.0,Africa,39.327,838.1239671,190
Guinea-Bissau,1987,927524.0,Africa,41.245,736.4153921,180
Guinea-Bissau,1992,1050938.0,Africa,43.266,745.5398706,230
Guinea-Bissau,1997,1193708.0,Africa,44.873,796.6644681,160
Guinea-Bissau,2002,1332459.0,Africa,45.504,575.7047176,330
Guinea-Bissau,2007,1472041.0,Africa,46.388,579.231743,510
Haiti,1962,3880130.0,Americas,43.59,1796.589032,
Haiti,1967,4318137.0,Americas,46.243,1452.057666,
Haiti,1972,4698301.0,Americas,48.042,1654.456946,
Haiti,1977,4908554.0,Americas,49.923,1874.298931,
Haiti,1982,5198399.0,Americas,51.461,2011.159549,240
Haiti,1987,5756203.0,Americas,53.636,1823.015995,380
Haiti,1992,6326682.0,Americas,55.089,1456.309517,310
Haiti,1997,6913545.0,Americas,56.671,1341.726931,400
Haiti,2002,7607651.0,Americas,58.137,1270.364932,660
Haiti,2007,8502814.0,Americas,60.916,1201.637154,1010
Honduras,1962,2090162.0,Americas,48.041,2291.156835,180
Honduras,1967,2500689.0,Americas,50.924,2538.269358,250
Honduras,1972,2965146.0,Americas,53.884,2529.842345,320
Honduras,1977,3055235.0,Americas,57.402,3203.208066,610
Honduras,1982,3669448.0,Americas,60.909,3121.760794,1000
Honduras,1987,4372203.0,Americas,64.492,3023.096699,1410
Honduras,1992,5077347.0,Americas,66.399,3081.694603,950
Honduras,1997,5867957.0,Americas,67.659,3160.454906,910
Honduras,2002,6677328.0,Americas,68.565,3099.72866,1120
Honduras,2007,7483763.0,Americas,70.198,3548.330846,1620
Hungary,1962,10063000.0,Europe,67.96,7550.359877,
Hungary,1967,10223422.0,Europe,69.5,9326.64467,
Hungary,1972,10394091.0,Europe,69.76,10168.65611,
Hungary,1977,10637171.0,Europe,69.95,11674.83737,
Hungary,1982,10705535.0,Europe,69.39,12545.99066,
Hungary,1987,10612740.0,Europe,69.58,12986.47998,
Hungary,1992,10348684.0,Europe,69.17,10535.62855,3660
Hungary,1997,10244684.0,Europe,71.04,11712.7768,4410
Hungary,2002,10083313.0,Europe,72.59,14843.93556,6630
Hungary,2007,9956108.0,Europe,73.338,18008.94444,13300
Iceland,1962,182053.0,Europe,73.68,10350.15906,1740
Iceland,1967,198676.0,Europe,73.73,13319.89568,2790
Iceland,1972,209275.0,Europe,74.46,15798.06362,
Iceland,1977,221823.0,Europe,76.11,19654.96247,
Iceland,1982,233997.0,Europe,76.99,23269.6075,
Iceland,1987,244676.0,Europe,77.23,26923.20628,
Iceland,1992,259012.0,Europe,78.77,25144.39201,
Iceland,1997,271192.0,Europe,78.95,28061.09966,29300
Iceland,2002,288030.0,Europe,80.5,31163.20196,33700
Iceland,2007,301931.0,Europe,81.757,36180.78919,50100
India,1962,454000000.0,Asia,43.605,658.3471509,100
India,1967,506000000.0,Asia,47.193,700.7706107,100
India,1972,567000000.0,Asia,50.651,724.032527,140
India,1977,634000000.0,Asia,54.208,813.337323,210
India,1982,708000000.0,Asia,56.596,855.7235377,280
India,1987,788000000.0,Asia,58.553,976.5126756,390
India,1992,872000000.0,Asia,60.223,1164.406809,320
India,1997,959000000.0,Asia,61.765,1458.817442,410
India,2002,1034172547.0,Asia,62.879,1746.769454,520
India,2007,1110396331.0,Asia,64.698,2452.210407,1000
Indonesia,1962,99028000.0,Asia,42.518,849.2897701,
Indonesia,1967,109343000.0,Asia,45.964,762.4317721,
Indonesia,1972,121282000.0,Asia,49.203,1111.107907,110
Indonesia,1977,136725000.0,Asia,52.702,1382.702056,360
Indonesia,1982,153343000.0,Asia,56.159,1516.872988,530
Indonesia,1987,169276000.0,Asia,60.137,1748.356961,510
Indonesia,1992,184816000.0,Asia,62.681,2383.140898,740
Indonesia,1997,199278000.0,Asia,66.041,3119.335603,660
Indonesia,2002,211060000.0,Asia,68.588,2873.91287,900
Indonesia,2007,223547000.0,Asia,70.65,3540.651564,1940
Iran,1962,22874000.0,Asia,49.325,4187.329802,210
Iran,1967,26538000.0,Asia,52.469,5906.731805,320
Iran,1972,30614000.0,Asia,55.234,9613.818607,730
Iran,1977,35480679.0,Asia,57.702,11888.59508,2000
Iran,1982,43072751.0,Asia,59.62,7608.334602,3260
Iran,1987,51889696.0,Asia,63.04,6642.881371,2970
Iran,1992,60397973.0,Asia,65.742,7235.653188,
Iran,1997,63327987.0,Asia,68.042,8263.590301,1780
Iran,2002,66907826.0,Asia,69.451,9240.761975,2200
Iran,2007,69453570.0,Asia,70.964,11605.71449,4970
Iraq,1962,7240260.0,Asia,51.457,8341.737815,
Iraq,1967,8519282.0,Asia,54.459,8931.459811,
Iraq,1972,10061506.0,Asia,56.95,9576.037596,
Iraq,1977,11882916.0,Asia,60.413,14688.23507,
Iraq,1982,14173318.0,Asia,62.038,14517.90711,2350
Iraq,1987,16543189.0,Asia,65.044,11643.57268,3730
Iraq,1992,17861905.0,Asia,59.461,3745.640687,40
Iraq,1997,20775703.0,Asia,58.811,3076.239795,920
Iraq,2002,24001816.0,Asia,57.046,4390.717312,850
Iraq,2007,27499638.0,Asia,59.545,4471.061906,3550
Ireland,1962,2830000.0,Europe,70.29,6631.597314,
Ireland,1967,2900100.0,Europe,71.08,7655.568963,
Ireland,1972,3024400.0,Europe,71.28,9530.772896,2540
Ireland,1977,3271900.0,Europe,72.03,11150.98113,4120
Ireland,1982,3480000.0,Europe,73.1,12618.32141,5720
Ireland,1987,3539900.0,Europe,74.36,13872.86652,10400
Ireland,1992,3557761.0,Europe,75.467,17558.81555,14600
Ireland,1997,3667233.0,Europe,76.122,24521.94713,21400
Ireland,2002,3879155.0,Europe,77.783,34077.04939,30000
Ireland,2007,4109086.0,Europe,78.885,40675.99635,50900
Israel,1962,2310904.0,Asia,69.39,7105.630706,1330
Israel,1967,2693585.0,Asia,70.75,8393.741404,1730
Israel,1972,3095893.0,Asia,71.63,12786.93223,
Israel,1977,3495918.0,Asia,73.06,13306.61921,
Israel,1982,3858421.0,Asia,74.45,15367.0292,
Israel,1987,4203148.0,Asia,75.6,17122.47986,
Israel,1992,4936550.0,Asia,76.93,18051.52254,
Israel,1997,5531387.0,Asia,78.269,20896.60924,18800
Israel,2002,6029529.0,Asia,79.696,21905.59514,18600
Israel,2007,6426679.0,Asia,80.745,25523.2771,26300
Italy,1962,50843200.0,Europe,69.24,8243.58234,1060
Italy,1967,52667100.0,Europe,71.06,10022.40131,1700
Italy,1972,54365564.0,Europe,72.19,12269.27378,3250
Italy,1977,56059245.0,Europe,73.48,14255.98475,5270
Italy,1982,56535636.0,Europe,74.98,16537.4835,7630
Italy,1987,56729703.0,Europe,76.42,19207.23482,15900
Italy,1992,56840847.0,Europe,77.44,22013.64486,21600
Italy,1997,57479469.0,Europe,78.82,24675.02446,22200
Italy,2002,57926999.0,Europe,80.24,27968.09817,23400
Italy,2007,58147733.0,Europe,80.546,28569.7197,38000
Jamaica,1962,1665128.0,Americas,65.61,5246.107524,
Jamaica,1967,1861096.0,Americas,67.51,6124.703451,620
Jamaica,1972,1997616.0,Americas,69.0,7433.889293,1020
Jamaica,1977,2156814.0,Americas,70.11,6650.195573,1410
Jamaica,1982,2298309.0,Americas,71.21,6068.05135,1390
Jamaica,1987,2326606.0,Americas,71.77,6351.237495,1480
Jamaica,1992,2378618.0,Americas,71.766,7404.923685,1840
Jamaica,1997,2531311.0,Americas,72.262,7121.924704,2890
Jamaica,2002,2664659.0,Americas,72.047,6994.774861,3440
Jamaica,2007,2780132.0,Americas,72.567,7320.880262,4560
Japan,1962,95831757.0,Asia,68.73,6576.649461,700
Japan,1967,100825279.0,Asia,71.43,9847.788607,1430
Japan,1972,107188273.0,Asia,73.42,14778.78636,3620
Japan,1977,113872473.0,Asia,75.38,16610.37701,7450
Japan,1982,118454974.0,Asia,77.11,19384.10571,10300
Japan,1987,122091325.0,Asia,78.67,22375.94189,24900
Japan,1992,124329269.0,Asia,79.36,26824.89511,33400
Japan,1997,125956499.0,Asia,80.69,28816.58499,35000
Japan,2002,127065841.0,Asia,82.0,28604.5919,35700
Japan,2007,127467972.0,Asia,82.603,31656.06806,39400
Jordan,1962,933559.0,Asia,48.126,2348.009158,
Jordan,1967,1255058.0,Asia,51.629,2741.796252,
Jordan,1972,1613551.0,Asia,56.528,2110.856309,
Jordan,1977,1937652.0,Asia,61.134,2852.351568,1160
Jordan,1982,2347031.0,Asia,63.739,4161.415959,1750
Jordan,1987,2820042.0,Asia,65.869,4448.679912,2160
Jordan,1992,3867409.0,Asia,68.015,3431.593647,1280
Jordan,1997,4526235.0,Asia,69.772,3645.379572,1480
Jordan,2002,5307470.0,Asia,71.263,3844.917194,1900
Jordan,2007,6053193.0,Asia,72.535,4519.461171,3110
Kenya,1962,8678557.0,Africa,47.949,896.9663732,100
Kenya,1967,10191512.0,Africa,50.654,1056.736457,130
Kenya,1972,12044785.0,Africa,53.559,1222.359968,200
Kenya,1977,14500404.0,Africa,56.155,1267.613204,320
Kenya,1982,17661452.0,Africa,58.766,1348.225791,340
Kenya,1987,21198082.0,Africa,59.339,1361.936856,410
Kenya,1992,25020539.0,Africa,59.285,1341.921721,270
Kenya,1997,28263827.0,Africa,54.407,1360.485021,430
Kenya,2002,31386842.0,Africa,50.992,1287.514732,400
Kenya,2007,35610177.0,Africa,54.11,1463.249282,820
Kuwait,1962,358266.0,Asia,60.47,95458.11176,
Kuwait,1967,575003.0,Asia,64.624,80894.88326,
Kuwait,1972,841934.0,Asia,67.712,109347.867,
Kuwait,1977,1140357.0,Asia,69.343,59265.47714,
Kuwait,1982,1497494.0,Asia,71.309,31354.03573,
Kuwait,1987,1891487.0,Asia,74.174,28118.42998,
Kuwait,1992,1418095.0,Asia,75.19,34932.91959,
Kuwait,1997,1765345.0,Asia,76.156,40300.61996,19700
Kuwait,2002,2111561.0,Asia,76.904,35110.10566,22600
Kuwait,2007,2505559.0,Asia,77.588,47306.98978,51700
Lebanon,1962,1886848.0,Asia,62.094,5714.560611,
Lebanon,1967,2186894.0,Asia,63.87,6006.983042,
Lebanon,1972,2680018.0,Asia,65.421,7486.384341,
Lebanon,1977,3115787.0,Asia,66.099,8659.696836,
Lebanon,1982,3086876.0,Asia,66.983,7640.519521,
Lebanon,1987,3089353.0,Asia,67.926,5377.091329,
Lebanon,1992,3219994.0,Asia,69.292,6890.806854,2220
Lebanon,1997,3430388.0,Asia,70.265,8754.96385,4250
Lebanon,2002,3677780.0,Asia,71.028,9313.93883,3790
Lebanon,2007,3921278.0,Asia,71.993,10461.05868,6060
Lesotho,1962,893143.0,Africa,47.747,411.8006266,
Lesotho,1967,996380.0,Africa,48.492,498.6390265,80
Lesotho,1972,1116779.0,Africa,49.767,496.5815922,150
Lesotho,1977,1251524.0,Africa,52.208,745.3695408,340
Lesotho,1982,1411807.0,Africa,55.078,797.2631074,540
Lesotho,1987,1599200.0,Africa,57.18,773.9932141,500
Lesotho,1992,1803195.0,Africa,59.685,977.4862725,660
Lesotho,1997,1982823.0,Africa,55.558,1186.147994,620
Lesotho,2002,2046772.0,Africa,44.593,1275.184575,670
Lesotho,2007,2012649.0,Africa,42.592,1569.331442,1290
Liberia,1962,1112796.0,Africa,40.502,634.1951625,
Liberia,1967,1279406.0,Africa,41.536,713.6036483,
Liberia,1972,1482628.0,Africa,42.614,803.0054535,
Liberia,1977,1703617.0,Africa,43.764,640.3224383,
Liberia,1982,1956875.0,Africa,44.852,572.1995694,
Liberia,1987,2269414.0,Africa,46.027,506.1138573,
Liberia,1992,1912974.0,Africa,40.802,636.6229191,
Liberia,1997,2200725.0,Africa,42.221,609.1739508,
Liberia,2002,2814651.0,Africa,43.753,531.4823679,180
Liberia,2007,3193942.0,Africa,45.678,414.5073415,390
Libya,1962,1441863.0,Africa,47.808,6757.030816,
Libya,1967,1759224.0,Africa,50.227,18772.75169,
Libya,1972,2183877.0,Africa,52.773,21011.49721,
Libya,1977,2721783.0,Africa,57.442,21951.21176,
Libya,1982,3344074.0,Africa,62.155,17364.27538,
Libya,1987,3799845.0,Africa,66.234,11770.5898,
Libya,1992,4364501.0,Africa,68.755,9640.138501,
Libya,1997,4759670.0,Africa,71.555,9467.446056,
Libya,2002,5368585.0,Africa,72.737,9534.677467,5160
Libya,2007,6036914.0,Africa,73.952,12057.49928,12200
Madagascar,1962,5703324.0,Africa,40.848,1643.38711,130
Madagascar,1967,6334556.0,Africa,42.881,1634.047282,170
Madagascar,1972,7082430.0,Africa,44.851,1748.562982,210
Madagascar,1977,8007166.0,Africa,46.881,1544.228586,310
Madagascar,1982,9171477.0,Africa,48.969,1302.878658,480
Madagascar,1987,10568642.0,Africa,49.35,1155.441948,340
Madagascar,1992,12210395.0,Africa,52.214,1040.67619,290
Madagascar,1997,14165114.0,Africa,54.978,986.2958956,300
Madagascar,2002,16473477.0,Africa,57.286,894.6370822,340
Madagascar,2007,19167654.0,Africa,59.443,1044.770126,450
Malawi,1962,3628608.0,Africa,38.41,427.9010856,50
Malawi,1967,4147252.0,Africa,39.487,495.5147806,60
Malawi,1972,4730997.0,Africa,41.766,584.6219709,90
Malawi,1977,5637246.0,Africa,43.767,663.2236766,150
Malawi,1982,6502825.0,Africa,45.642,632.8039209,170
Malawi,1987,7824747.0,Africa,47.457,635.5173634,160
Malawi,1992,10014249.0,Africa,49.42,563.2000145,220
Malawi,1997,10419991.0,Africa,47.495,692.2758103,200
Malawi,2002,11824495.0,Africa,45.009,665.4231186,220
Malawi,2007,13327079.0,Africa,48.303,759.3499101,370
Malaysia,1962,8906385.0,Asia,55.737,2036.884944,250
Malaysia,1967,10154878.0,Asia,59.371,2277.742396,340
Malaysia,1972,11441462.0,Asia,63.01,2849.09478,570
Malaysia,1977,12845381.0,Asia,65.256,3827.921571,1130
Malaysia,1982,14441916.0,Asia,68.0,4920.355951,1810
Malaysia,1987,16331785.0,Asia,69.5,5249.802653,2140
Malaysia,1992,18319502.0,Asia,70.693,7277.912802,3230
Malaysia,1997,20476091.0,Asia,71.938,10132.90964,3640
Malaysia,2002,22662365.0,Asia,73.044,10206.97794,4160
Malaysia,2007,24821286.0,Asia,74.241,12451.6558,7510
Mali,1962,4690372.0,Africa,36.936,496.1743428,
Mali,1967,5212416.0,Africa,38.487,545.0098873,
Mali,1972,5828158.0,Africa,39.977,581.3688761,90
Mali,1977,6491649.0,Africa,41.714,686.3952693,170
Mali,1982,6998256.0,Africa,43.916,618.0140641,170
Mali,1987,7634008.0,Africa,46.364,684.1715576,290
Mali,1992,8416215.0,Africa,48.388,739.014375,320
Mali,1997,9384984.0,Africa,49.903,790.2579846,280
Mali,2002,10580176.0,Africa,51.818,951.4097518,350
Mali,2007,12031795.0,Africa,54.467,1042.581557,610
Mauritania,1962,1146757.0,Africa,44.248,1055.896036,180
Mauritania,1967,1230542.0,Africa,46.289,1421.145193,290
Mauritania,1972,1332786.0,Africa,48.437,1586.851781,340
Mauritania,1977,1456688.0,Africa,50.852,1497.492223,570
Mauritania,1982,1622136.0,Africa,53.599,1481.150189,640
Mauritania,1987,1841240.0,Africa,56.145,1421.603576,740
Mauritania,1992,2119465.0,Africa,58.333,1361.369784,970
Mauritania,1997,2444741.0,Africa,60.43,1483.136136,830
Mauritania,2002,2828858.0,Africa,62.247,1579.019543,710
Mauritania,2007,3270065.0,Africa,64.164,1803.151496,1380
Mauritius,1962,701016.0,Africa,60.246,2529.067487,
Mauritius,1967,789309.0,Africa,61.557,2475.387562,
Mauritius,1972,851334.0,Africa,62.944,2575.484158,
Mauritius,1977,913025.0,Africa,64.93,3710.982963,1010
Mauritius,1982,992040.0,Africa,66.711,3688.037739,1070
Mauritius,1987,1042663.0,Africa,68.74,4783.586903,2060
Mauritius,1992,1096202.0,Africa,69.745,6058.253846,3120
Mauritius,1997,1149818.0,Africa,70.736,7425.705295,3780
Mauritius,2002,1200206.0,Africa,71.954,9021.815894,4410
Mauritius,2007,1250882.0,Africa,72.801,10956.99112,7400
Mexico,1962,41121485.0,Americas,58.299,4581.609385,390
Mexico,1967,47995559.0,Americas,60.11,5754.733883,610
Mexico,1972,55984294.0,Americas,62.361,6809.40669,990
Mexico,1977,63759976.0,Americas,65.032,7674.929108,1590
Mexico,1982,71640904.0,Americas,67.405,9611.147541,2400
Mexico,1987,80122492.0,Americas,69.498,8688.156003,2090
Mexico,1992,88111030.0,Americas,71.455,9472.384295,4490
Mexico,1997,95895146.0,Americas,73.67,9767.29753,5000
Mexico,2002,102479927.0,Americas,74.902,10742.44053,7360
Mexico,2007,108700891.0,Americas,76.195,11977.57496,9780
Mongolia,1962,1010280.0,Asia,48.251,1056.353958,
Mongolia,1967,1149500.0,Asia,51.253,1226.04113,
Mongolia,1972,1320500.0,Asia,53.754,1421.741975,
Mongolia,1977,1528000.0,Asia,55.491,1647.511665,
Mongolia,1982,1756032.0,Asia,57.489,2000.603139,1440
Mongolia,1987,2015133.0,Asia,60.222,2338.008304,1690
Mongolia,1992,2312802.0,Asia,61.271,1785.402016,510
Mongolia,1997,2494803.0,Asia,63.625,1902.2521,520
Mongolia,2002,2674234.0,Asia,65.033,2140.739323,610
Mongolia,2007,2874127.0,Asia,66.803,3095.772271,1800
Montenegro,1962,474528.0,Europe,63.728,4649.593785,
Montenegro,1967,501035.0,Europe,67.178,5907.850937,
Montenegro,1972,527678.0,Europe,70.636,7778.414017,
Montenegro,1977,560073.0,Europe,73.066,9595.929905,
Montenegro,1982,562548.0,Europe,74.101,11222.58762,
Montenegro,1987,569473.0,Europe,74.865,11732.51017,
Montenegro,1992,621621.0,Europe,75.435,7003.339037,
Montenegro,1997,692651.0,Europe,75.445,6465.613349,
Montenegro,2002,720230.0,Europe,73.981,6557.194282,2440
Montenegro,2007,684736.0,Europe,74.543,9253.896111,6470
Morocco,1962,13056604.0,Africa,47.924,1566.353493,
Morocco,1967,14770296.0,Africa,50.335,1711.04477,220
Morocco,1972,16660670.0,Africa,52.862,1930.194975,350
Morocco,1977,18396941.0,Africa,55.73,2370.619976,650
Morocco,1982,20198730.0,Africa,59.65,2702.620356,790
Morocco,1987,22987397.0,Africa,62.677,2755.046991,1080
Morocco,1992,25798239.0,Africa,65.393,2948.047252,1230
Morocco,1997,28529501.0,Africa,67.66,2982.101858,1460
Morocco,2002,31167783.0,Africa,69.615,3258.495584,1540
Morocco,2007,33757175.0,Africa,71.164,3820.17523,2700
Mozambique,1962,7788944.0,Africa,36.161,556.6863539,
Mozambique,1967,8680909.0,Africa,38.113,566.6691539,
Mozambique,1972,9809596.0,Africa,40.328,724.9178037,
Mozambique,1977,11127868.0,Africa,42.495,502.3197334,
Mozambique,1982,12587223.0,Africa,42.795,462.2114149,
Mozambique,1987,12891952.0,Africa,42.861,389.8761846,
Mozambique,1992,13160731.0,Africa,44.284,410.8968239,210
Mozambique,1997,16603334.0,Africa,46.344,472.3460771,290
Mozambique,2002,18473780.0,Africa,44.026,633.6179466,320
Mozambique,2007,19951656.0,Africa,42.082,823.6856205,500
Myanmar,1962,23634436.0,Asia,45.108,388.0,30
Myanmar,1967,25870271.0,Asia,49.379,349.0,10
Myanmar,1972,28466390.0,Asia,53.07,357.0,20
Myanmar,1977,31528087.0,Asia,56.059,371.0,30
Myanmar,1982,34680442.0,Asia,58.056,424.0,30
Myanmar,1987,38028578.0,Asia,58.339,385.0,40
Myanmar,1992,40546538.0,Asia,59.32,347.0,60
Myanmar,1997,43247867.0,Asia,60.328,415.0,120
Myanmar,2002,45598081.0,Asia,59.908,611.0,150
Myanmar,2007,47761980.0,Asia,62.069,944.0,350
Namibia,1962,621392.0,Africa,48.386,3173.215595,
Namibia,1967,706640.0,Africa,51.159,3793.694753,
Namibia,1972,821782.0,Africa,53.867,3746.080948,
Namibia,1977,977026.0,Africa,56.437,3876.485958,
Namibia,1982,1099010.0,Africa,58.968,4191.100511,1840
Namibia,1987,1278184.0,Africa,60.835,3693.731337,1690
Namibia,1992,1554253.0,Africa,61.999,3804.537999,2200
Namibia,1997,1774766.0,Africa,58.909,3899.52426,2370
Namibia,2002,1972153.0,Africa,51.479,4072.324751,2280
Namibia,2007,2055080.0,Africa,52.906,4811.060429,4320
Nepal,1962,10332057.0,Asia,39.393,652.3968593,50
Nepal,1967,11261690.0,Asia,41.472,676.4422254,70
Nepal,1972,12412593.0,Asia,43.971,674.7881296,80
Nepal,1977,13933198.0,Asia,46.748,694.1124398,120
Nepal,1982,15796314.0,Asia,49.594,718.3730947,140
Nepal,1987,17917180.0,Asia,52.537,775.6324501,200
Nepal,1992,20326209.0,Asia,55.727,897.7403604,190
Nepal,1997,23001113.0,Asia,59.426,1010.892138,210
Nepal,2002,25873917.0,Asia,61.34,1057.206311,260
Nepal,2007,28901790.0,Asia,63.785,1091.359778,430
Netherlands,1962,11805689.0,Europe,73.23,12790.84956,1310
Netherlands,1967,12596822.0,Europe,73.82,15363.25136,2230
Netherlands,1972,13329874.0,Europe,73.75,18794.74567,5070
Netherlands,1977,13852989.0,Europe,75.24,21209.0592,10500
Netherlands,1982,14310401.0,Europe,76.05,21399.46046,11100
Netherlands,1987,14665278.0,Europe,76.83,23651.32361,18600
Netherlands,1992,15174244.0,Europe,77.42,26790.94961,24000
Netherlands,1997,15604464.0,Europe,78.03,30246.13063,28300
Netherlands,2002,16122830.0,Europe,78.53,33724.75778,31000
Netherlands,2007,16570613.0,Europe,79.762,36797.93332,52800
New Zealand,1962,2488550.0,Oceania,71.24,13175.678,
New Zealand,1967,2728150.0,Oceania,71.52,14463.91893,
New Zealand,1972,2929100.0,Oceania,71.89,16046.03728,
New Zealand,1977,3164900.0,Oceania,72.22,16233.7177,
New Zealand,1982,3210650.0,Oceania,73.84,17632.4104,7370
New Zealand,1987,3317166.0,Oceania,74.32,19007.19129,12600
New Zealand,1992,3437674.0,Oceania,76.33,18363.32494,12400
New Zealand,1997,3676187.0,Oceania,77.55,21050.41377,15800
New Zealand,2002,3908037.0,Oceania,79.11,23189.80135,17000
New Zealand,2007,4115771.0,Oceania,80.204,25185.00911,28600
Nicaragua,1962,1590597.0,Americas,48.632,3634.364406,150
Nicaragua,1967,1865490.0,Americas,51.884,4643.393534,290
Nicaragua,1972,2182908.0,Americas,55.151,4688.593267,380
Nicaragua,1977,2554598.0,Americas,57.47,5486.371089,650
Nicaragua,1982,2979423.0,Americas,59.298,3470.338156,680
Nicaragua,1987,3344353.0,Americas,62.008,2955.984375,680
Nicaragua,1992,4017939.0,Americas,65.843,2170.151724,290
Nicaragua,1997,4609572.0,Americas,68.426,2253.023004,880
Nicaragua,2002,5146848.0,Americas,70.836,2474.548819,1000
Nicaragua,2007,5675356.0,Americas,72.899,2749.320965,1390
Niger,1962,4076008.0,Africa,39.487,997.7661127,160
Niger,1967,4534062.0,Africa,40.118,1054.384891,160
Niger,1972,5060262.0,Africa,40.546,954.2092363,160
Niger,1977,5682086.0,Africa,41.291,808.8970728,280
Niger,1982,6437188.0,Africa,42.598,909.7221354,290
Niger,1987,7332638.0,Africa,44.555,668.3000228,330
Niger,1992,8392818.0,Africa,47.391,581.182725,390
Niger,1997,9666252.0,Africa,51.313,580.3052092,250
Niger,2002,11140655.0,Africa,54.496,601.0745012,250
Niger,2007,12894865.0,Africa,56.867,619.6768924,440
Nigeria,1962,41871351.0,Africa,39.36,1150.927478,110
Nigeria,1967,47287752.0,Africa,41.04,1014.514104,100
Nigeria,1972,53740085.0,Africa,42.821,1698.388838,220
Nigeria,1977,62209173.0,Africa,44.514,1981.951806,560
Nigeria,1982,73039376.0,Africa,45.826,1576.97375,1450
Nigeria,1987,81551520.0,Africa,46.886,1385.029563,680
Nigeria,1992,93364244.0,Africa,47.472,1619.848217,360
Nigeria,1997,106207839.0,Africa,47.464,1624.941275,440
Nigeria,2002,119901274.0,Africa,46.608,1615.286395,710
Nigeria,2007,135031164.0,Africa,46.859,2013.977305,1970
Norway,1962,3638919.0,Europe,73.47,13450.40151,1710
Norway,1967,3786019.0,Europe,74.08,16361.87647,2630
Norway,1972,3933004.0,Europe,74.34,18965.05551,5320
Norway,1977,4043205.0,Europe,75.37,23311.34939,11100
Norway,1982,4114787.0,Europe,75.97,26298.63531,14900
Norway,1987,4186147.0,Europe,75.89,31540.9748,24000
Norway,1992,4286357.0,Europe,77.32,33965.66115,30200
Norway,1997,4405672.0,Europe,78.32,41283.16433,36100
Norway,2002,4535591.0,Europe,79.05,44683.97525,44800
Norway,2007,4627926.0,Europe,80.196,49357.19017,87500
Oman,1962,628164.0,Asia,43.165,2924.638113,
Oman,1967,714775.0,Asia,46.988,4720.942687,230
Oman,1972,829050.0,Asia,52.143,10618.03855,310
Oman,1977,1004533.0,Asia,57.367,11848.34392,2650
Oman,1982,1301048.0,Asia,62.728,12954.79101,6160
Oman,1987,1593882.0,Asia,67.734,18115.22313,5210
Oman,1992,1915208.0,Asia,71.197,18616.70691,6280
Oman,1997,2283635.0,Asia,72.499,19702.05581,6530
Oman,2002,2713462.0,Asia,74.193,19774.83687,8290
Oman,2007,3204897.0,Asia,75.64,22316.19287,17400
Pakistan,1962,53100671.0,Asia,47.67,803.3427418,100
Pakistan,1967,60641899.0,Asia,49.8,942.4082588,150
Pakistan,1972,69325921.0,Asia,51.929,1049.938981,150
Pakistan,1977,78152686.0,Asia,54.043,1175.921193,240
Pakistan,1982,91462088.0,Asia,56.158,1443.429832,350
Pakistan,1987,105186881.0,Asia,58.245,1704.686583,400
Pakistan,1992,120065004.0,Asia,60.838,1971.829464,440
Pakistan,1997,135564834.0,Asia,61.818,2049.350521,450
Pakistan,2002,153403524.0,Asia,63.61,2092.712441,570
Pakistan,2007,169270617.0,Asia,65.483,2605.94758,920
Panama,1962,1215725.0,Americas,61.817,3536.540301,530
Panama,1967,1405486.0,Americas,64.071,4421.009084,710
Panama,1972,1616384.0,Americas,66.216,5364.249663,1090
Panama,1977,1839782.0,Americas,68.681,5351.912144,1790
Panama,1982,2036305.0,Americas,70.472,7009.601598,2540
Panama,1987,2253639.0,Americas,71.523,7034.779161,2750
Panama,1992,2484997.0,Americas,72.462,6618.74305,3240
Panama,1997,2734531.0,Americas,73.738,7113.692252,3680
Panama,2002,2990875.0,Americas,74.712,7356.031934,4040
Panama,2007,3242173.0,Americas,75.537,9809.185636,6540
Paraguay,1962,2009813.0,Americas,64.361,2148.027146,
Paraguay,1967,2287985.0,Americas,64.951,2299.376311,
Paraguay,1972,2614104.0,Americas,65.815,2523.337977,
Paraguay,1977,2984494.0,Americas,66.353,3248.373311,
Paraguay,1982,3366439.0,Americas,66.874,4258.503604,
Paraguay,1987,3886512.0,Americas,67.378,3998.875695,
Paraguay,1992,4483945.0,Americas,68.225,4196.411078,
Paraguay,1997,5154123.0,Americas,69.4,4247.400261,1730
Paraguay,2002,5884491.0,Americas,70.755,3783.674243,1230
Paraguay,2007,6667147.0,Americas,71.752,4172.838464,3080
Peru,1962,10516500.0,Americas,49.096,4957.037982,300
Peru,1967,12132200.0,Americas,51.445,5788.09333,470
Peru,1972,13954700.0,Americas,55.448,5937.827283,740
Peru,1977,15990099.0,Americas,58.447,6281.290855,870
Peru,1982,18125129.0,Americas,61.406,6434.501797,920
Peru,1987,20195924.0,Americas,64.134,6360.943444,790
Peru,1992,22430449.0,Americas,66.458,4446.380924,1550
Peru,1997,24748122.0,Americas,68.386,5838.347657,2150
Peru,2002,26769436.0,Americas,69.906,5909.020073,2080
Peru,2007,28674757.0,Americas,71.421,7408.905561,3790
Philippines,1962,30325264.0,Asia,54.757,1649.552153,220
Philippines,1967,35356600.0,Asia,56.393,1814.12743,250
Philippines,1972,40850141.0,Asia,58.065,1989.37407,300
Philippines,1977,46850962.0,Asia,60.06,2373.204287,570
Philippines,1982,53456774.0,Asia,62.082,2603.273765,770
Philippines,1987,60017788.0,Asia,64.151,2189.634995,750
Philippines,1992,67185766.0,Asia,66.458,2279.324017,930
Philippines,1997,75012988.0,Asia,68.564,2536.534925,1310
Philippines,2002,82995088.0,Asia,70.303,2650.921068,1170
Philippines,2007,91077287.0,Asia,71.688,3190.481016,2010
Poland,1962,30329617.0,Europe,67.64,5338.752143,
Poland,1967,31785378.0,Europe,69.61,6557.152776,
Poland,1972,33039545.0,Europe,70.85,8006.506993,
Poland,1977,34621254.0,Europe,70.67,9508.141454,
Poland,1982,36227381.0,Europe,71.32,8451.531004,
Poland,1987,37740710.0,Europe,70.98,9082.351172,
Poland,1992,38370697.0,Europe,70.99,7738.881247,2480
Poland,1997,38654957.0,Europe,72.75,10159.58368,4360
Poland,2002,38625976.0,Europe,74.67,12002.23908,5500
Poland,2007,38518241.0,Europe,75.563,15389.92468,12000
Portugal,1962,9019800.0,Europe,64.39,4727.954889,430
Portugal,1967,9103000.0,Europe,66.6,6361.517993,730
Portugal,1972,8970450.0,Europe,69.26,9022.247417,1700
Portugal,1977,9662600.0,Europe,70.41,10172.48572,2530
Portugal,1982,9859650.0,Europe,72.77,11753.84291,2830
Portugal,1987,9915289.0,Europe,74.06,13039.30876,5630
Portugal,1992,9927680.0,Europe,74.86,16207.26663,10100
Portugal,1997,10156415.0,Europe,75.97,17641.03156,12200
Portugal,2002,10433867.0,Europe,77.29,19970.90787,13300
Portugal,2007,10642836.0,Europe,78.098,20509.64777,22600
Puerto Rico,1962,2448046.0,Americas,69.62,5108.34463,900
Puerto Rico,1967,2648961.0,Americas,71.1,6929.277714,1370
Puerto Rico,1972,2847132.0,Americas,72.16,9123.041742,2380
Puerto Rico,1977,3080828.0,Americas,73.44,9770.524921,2980
Puerto Rico,1982,3279001.0,Americas,73.75,10330.98915,3670
Puerto Rico,1987,3444468.0,Americas,74.63,12281.34191,5860
Puerto Rico,1992,3585176.0,Americas,73.911,14641.58711,7100
Puerto Rico,1997,3759430.0,Americas,74.917,16999.4333,8690
Puerto Rico,2002,3859606.0,Americas,77.778,18855.60618,12200
Puerto Rico,2007,3942491.0,Americas,78.746,19328.70901,16400
Romania,1962,18680721.0,Europe,66.8,4734.997586,
Romania,1967,19284814.0,Europe,66.8,6470.866545,
Romania,1972,20662648.0,Europe,69.21,8011.414402,
Romania,1977,21658597.0,Europe,69.46,9356.39724,
Romania,1982,22356726.0,Europe,69.66,9605.314053,
Romania,1987,22686371.0,Europe,69.53,9696.273295,
Romania,1992,22797027.0,Europe,69.36,6598.409903,1190
Romania,1997,22562458.0,Europe,69.72,7346.547557,1580
Romania,2002,22404337.0,Europe,71.322,7885.360081,2250
Romania,2007,22276056.0,Europe,72.476,10808.47561,8800
Rwanda,1962,3051242.0,Africa,43.0,597.4730727,40
Rwanda,1967,3451079.0,Africa,44.1,510.9637142,50
Rwanda,1972,3992121.0,Africa,44.6,590.5806638,70
Rwanda,1977,4657072.0,Africa,45.0,670.0806011,180
Rwanda,1982,5507565.0,Africa,46.218,881.5706467,260
Rwanda,1987,6349365.0,Africa,44.02,847.991217,350
Rwanda,1992,7290203.0,Africa,23.599,737.0685949,310
Rwanda,1997,7212583.0,Africa,36.087,589.9445051,260
Rwanda,2002,7852401.0,Africa,43.413,785.6537648,250
Rwanda,2007,8860588.0,Africa,46.242,863.0884639,490
Sao Tome and Principe,1962,65345.0,Africa,51.893,1071.551119,
Sao Tome and Principe,1967,70787.0,Africa,54.425,1384.840593,
Sao Tome and Principe,1972,76595.0,Africa,56.48,1532.985254,
Sao Tome and Principe,1977,86796.0,Africa,58.55,1737.561657,
Sao Tome and Principe,1982,98593.0,Africa,60.351,1890.218117,
Sao Tome and Principe,1987,110812.0,Africa,61.728,1516.525457,
Sao Tome and Principe,1992,125911.0,Africa,62.742,1428.777814,
Sao Tome and Principe,1997,145608.0,Africa,63.306,1339.076036,
Sao Tome and Principe,2002,170372.0,Africa,64.337,1353.09239,600
Sao Tome and Principe,2007,199579.0,Africa,65.528,1598.435089,1020
Saudi Arabia,1962,4943029.0,Asia,45.914,11626.41975,
Saudi Arabia,1967,5618198.0,Asia,49.901,16903.04886,
Saudi Arabia,1972,6472756.0,Asia,53.886,24837.42865,1600
Saudi Arabia,1977,8128505.0,Asia,58.69,34167.7626,8890
Saudi Arabia,1982,11254672.0,Asia,63.012,33693.17525,11300
Saudi Arabia,1987,14619745.0,Asia,66.295,21198.26136,7630
Saudi Arabia,1992,16945857.0,Asia,68.768,24841.61777,8050
Saudi Arabia,1997,21229759.0,Asia,70.533,20586.69019,8010
Saudi Arabia,2002,24501530.0,Asia,71.626,19014.54118,9480
Saudi Arabia,2007,27601038.0,Asia,72.777,21654.83194,18500
Senegal,1962,3430243.0,Africa,41.454,1654.988723,
Senegal,1967,3965841.0,Africa,43.563,1612.404632,340
Senegal,1972,4588696.0,Africa,45.815,1597.712056,370
Senegal,1977,5260855.0,Africa,48.879,1561.769116,580
Senegal,1982,6147783.0,Africa,52.379,1518.479984,600
Senegal,1987,7171347.0,Africa,55.769,1441.72072,950
Senegal,1992,8307920.0,Africa,58.196,1367.899369,930
Senegal,1997,9535314.0,Africa,60.187,1392.368347,690
Senegal,2002,10870037.0,Africa,61.6,1519.635262,730
Senegal,2007,12267493.0,Africa,63.062,1712.472136,1240
Serbia,1962,7616060.0,Europe,64.531,6289.629157,
Serbia,1967,7971222.0,Europe,66.914,7991.707066,
Serbia,1972,8313288.0,Europe,68.7,10522.06749,
Serbia,1977,8686367.0,Europe,70.3,12980.66956,
Serbia,1982,9032824.0,Europe,70.162,15181.0927,
Serbia,1987,9230783.0,Europe,71.218,15870.87851,
Serbia,1992,9826397.0,Europe,71.659,9325.068238,
Serbia,1997,10336594.0,Europe,72.232,7914.320304,2990
Serbia,2002,10111559.0,Europe,73.213,7236.075251,2390
Serbia,2007,10150265.0,Europe,74.002,9786.534714,6030
Sierra Leone,1962,2467895.0,Africa,32.767,1116.639877,
Sierra Leone,1967,2662190.0,Africa,34.113,1206.043465,140
Sierra Leone,1972,2879013.0,Africa,35.4,1353.759762,190
Sierra Leone,1977,3140897.0,Africa,36.788,1348.285159,240
Sierra Leone,1982,3464522.0,Africa,38.445,1465.010784,300
Sierra Leone,1987,3868905.0,Africa,40.006,1294.447788,170
Sierra Leone,1992,4260884.0,Africa,38.333,1068.696278,160
Sierra Leone,1997,4578212.0,Africa,39.897,574.6481576,170
Sierra Leone,2002,5359092.0,Africa,41.012,699.489713,270
Sierra Leone,2007,6144562.0,Africa,42.568,862.5407561,420
Singapore,1962,1750200.0,Asia,65.798,3674.735572,530
Singapore,1967,1977600.0,Asia,67.946,4977.41854,750
Singapore,1972,2152400.0,Asia,69.521,8597.756202,1600
Singapore,1977,2325300.0,Asia,70.795,11210.08948,3370
Singapore,1982,2651869.0,Asia,71.76,15169.16112,6170
Singapore,1987,2794552.0,Asia,73.56,18861.53081,9320
Singapore,1992,3235865.0,Asia,75.788,24769.8912,17700
Singapore,1997,3802309.0,Asia,77.158,33519.4766,24000
Singapore,2002,4197776.0,Asia,78.77,36023.1054,23400
Singapore,2007,4553009.0,Asia,79.972,47143.17964,37200
Slovak Republic,1962,4237384.0,Europe,70.33,7481.107598,
Slovak Republic,1967,4442238.0,Europe,70.98,8412.902397,
Slovak Republic,1972,4593433.0,Europe,70.35,9674.167626,
Slovak Republic,1977,4827803.0,Europe,70.45,10922.66404,
Slovak Republic,1982,5048043.0,Europe,70.8,11348.54585,
Slovak Republic,1987,5199318.0,Europe,71.08,12037.26758,
Slovak Republic,1992,5302888.0,Europe,71.38,9498.467723,
Slovak Republic,1997,5383010.0,Europe,72.71,12126.23065,5430
Slovak Republic,2002,5410052.0,Europe,73.8,13638.77837,6980
Slovak Republic,2007,5447502.0,Europe,74.663,18678.31435,17300
Slovenia,1962,1582962.0,Europe,69.15,7402.303395,
Slovenia,1967,1646912.0,Europe,69.18,9405.489397,
Slovenia,1972,1694510.0,Europe,69.82,12383.4862,
Slovenia,1977,1746919.0,Europe,70.97,15277.03017,
Slovenia,1982,1861252.0,Europe,71.063,17866.72175,
Slovenia,1987,1945870.0,Europe,72.25,18678.53492,
Slovenia,1992,1999210.0,Europe,73.64,14214.71681,
Slovenia,1997,2011612.0,Europe,75.13,17161.10735,11000
Slovenia,2002,2011497.0,Europe,76.66,20660.01936,12600
Slovenia,2007,2009245.0,Europe,77.926,25768.25759,24700
Somalia,1962,3080153.0,Africa,36.981,1369.488336,70
Somalia,1967,3428839.0,Africa,38.977,1284.73318,90
Somalia,1972,3840161.0,Africa,40.973,1254.576127,140
Somalia,1977,4353666.0,Africa,41.974,1450.992513,130
Somalia,1982,5828892.0,Africa,42.955,1176.807031,100
Somalia,1987,6921858.0,Africa,44.501,1093.244963,150
Somalia,1992,6099799.0,Africa,39.658,926.9602964,
Somalia,1997,6633514.0,Africa,43.795,930.5964284,
Somalia,2002,7753310.0,Africa,45.936,882.0818218,
Somalia,2007,9118773.0,Africa,48.159,926.1410683,
South Africa,1962,18356657.0,Africa,49.951,5768.729717,490
South Africa,1967,20997321.0,Africa,51.927,7114.477971,690
South Africa,1972,23935810.0,Africa,53.696,7765.962636,1110
South Africa,1977,27129932.0,Africa,55.527,8028.651439,1610
South Africa,1982,31140029.0,Africa,58.161,8568.266228,2520
South Africa,1987,35933379.0,Africa,60.834,7825.823398,2670
South Africa,1992,39964159.0,Africa,61.888,7225.069258,3490
South Africa,1997,42835005.0,Africa,60.236,7479.188244,3590
South Africa,2002,44433622.0,Africa,53.365,7710.946444,3280
South Africa,2007,43997828.0,Africa,49.339,9269.657808,6660
Spain,1962,31158061.0,Europe,69.69,5693.843879,570
Spain,1967,32850275.0,Europe,71.44,7993.512294,1010
Spain,1972,34513161.0,Europe,73.06,10638.75131,2090
Spain,1977,36439000.0,Europe,74.39,13236.92117,4040
Spain,1982,37983310.0,Europe,76.3,13926.16997,4860
Spain,1987,38880702.0,Europe,76.9,15764.98313,9410
Spain,1992,39549438.0,Europe,77.57,18603.06452,15000
Spain,1997,39855442.0,Europe,78.77,20445.29896,15400
Spain,2002,40152517.0,Europe,79.78,24835.47166,18100
Spain,2007,40448191.0,Europe,80.941,28821.0637,32299
Sri Lanka,1962,10421936.0,Asia,62.192,1074.47196,130
Sri Lanka,1967,11737396.0,Asia,64.266,1135.514326,160
Sri Lanka,1972,13016733.0,Asia,65.042,1213.39553,210
Sri Lanka,1977,14116836.0,Asia,65.949,1348.775651,240
Sri Lanka,1982,15410151.0,Asia,68.757,1648.079789,310
Sri Lanka,1987,16495304.0,Asia,69.011,1876.766827,460
Sri Lanka,1992,17587060.0,Asia,70.379,2153.739222,600
Sri Lanka,1997,18698655.0,Asia,70.457,2664.477257,820
Sri Lanka,2002,19576783.0,Asia,70.815,3015.378833,940
Sri Lanka,2007,20378239.0,Asia,72.396,3970.095407,1790
Sudan,1962,11183227.0,Africa,40.87,1959.593767,140
Sudan,1967,12716129.0,Africa,42.858,1687.997641,150
Sudan,1972,14597019.0,Africa,45.083,1659.652775,220
Sudan,1977,17104986.0,Africa,47.8,2202.988423,460
Sudan,1982,20367053.0,Africa,50.338,1895.544073,430
Sudan,1987,24725960.0,Africa,51.744,1507.819159,780
Sudan,1992,28227588.0,Africa,53.556,1492.197043,310
Sudan,1997,32160729.0,Africa,55.373,1632.210764,340
Sudan,2002,37090298.0,Africa,56.369,1993.398314,520
Sudan,2007,42292929.0,Africa,58.556,2602.394995,1370
Sweden,1962,7561588.0,Europe,73.37,12329.44192,2490
Sweden,1967,7867931.0,Europe,74.16,15258.29697,3770
Sweden,1972,8122293.0,Europe,74.72,17832.02464,7050
Sweden,1977,8251648.0,Europe,75.44,18855.72521,12500
Sweden,1982,8325260.0,Europe,76.42,20667.38125,13600
Sweden,1987,8421403.0,Europe,77.19,23586.92927,24200
Sweden,1992,8718867.0,Europe,78.16,23880.01683,28200
Sweden,1997,8897619.0,Europe,79.39,25266.59499,31100
Sweden,2002,8954175.0,Europe,80.04,29341.63093,32800
Sweden,2007,9031088.0,Europe,80.884,33859.74835,55700
Switzerland,1962,5666000.0,Europe,71.32,20431.0927,
Switzerland,1967,6063000.0,Europe,72.77,22966.14432,
Switzerland,1972,6401400.0,Europe,73.78,27195.11304,
Switzerland,1977,6316424.0,Europe,75.39,26982.29052,
Switzerland,1982,6468126.0,Europe,76.21,28397.71512,
Switzerland,1987,6649942.0,Europe,77.41,30281.70459,
Switzerland,1992,6995447.0,Europe,78.03,31871.5303,
Switzerland,1997,7193761.0,Europe,79.37,32135.32301,46200
Switzerland,2002,7361757.0,Europe,80.62,34480.95771,46800
Switzerland,2007,7554661.0,Europe,81.701,37506.41907,65300
Syria,1962,4834621.0,Asia,50.305,2193.037133,
Syria,1967,5680812.0,Asia,53.655,1881.923632,
Syria,1972,6701172.0,Asia,57.296,2571.423014,
Syria,1977,7932503.0,Asia,61.195,3195.484582,
Syria,1982,9410494.0,Asia,64.59,3761.837715,
Syria,1987,11242847.0,Asia,66.974,3116.774285,
Syria,1992,13219062.0,Asia,69.249,3340.542768,
Syria,1997,15081016.0,Asia,71.527,4014.238972,
Syria,2002,17155814.0,Asia,73.053,4090.925331,5150
Syria,2007,19314747.0,Asia,74.143,4184.548089,8970
Tanzania,1962,10863958.0,Africa,44.246,722.0038073,
Tanzania,1967,12607312.0,Africa,45.757,848.2186575,
Tanzania,1972,14706593.0,Africa,47.62,915.9850592,
Tanzania,1977,17129565.0,Africa,49.919,962.4922932,
Tanzania,1982,19844382.0,Africa,50.608,874.2426069,
Tanzania,1987,23040630.0,Africa,51.535,831.8220794,
Tanzania,1992,26605473.0,Africa,50.44,825.682454,170
Tanzania,1997,30686889.0,Africa,48.466,789.1862231,270
Tanzania,2002,34593779.0,Africa,49.651,899.0742111,430
Tanzania,2007,38139640.0,Africa,52.517,1107.482182,600
Thailand,1962,29263397.0,Asia,56.061,1002.199172,120
Thailand,1967,34024249.0,Asia,58.285,1295.46066,180
Thailand,1972,39276153.0,Asia,60.405,1524.358936,260
Thailand,1977,44148285.0,Asia,62.494,1961.224635,530
Thailand,1982,48827160.0,Asia,64.597,2393.219781,760
Thailand,1987,52910342.0,Asia,66.084,2982.653773,1160
Thailand,1992,56667095.0,Asia,67.298,4616.896545,2130
Thailand,1997,60216677.0,Asia,67.521,5852.625497,2080
Thailand,2002,62806748.0,Asia,68.564,5913.187529,2180
Thailand,2007,65068149.0,Asia,70.616,7458.396327,3970
Togo,1962,1528098.0,Africa,43.922,1067.53481,90
Togo,1967,1735550.0,Africa,46.769,1477.59676,130
Togo,1972,2056351.0,Africa,49.759,1649.660188,170
Togo,1977,2308582.0,Africa,52.887,1532.776998,330
Togo,1982,2644765.0,Africa,55.471,1344.577953,250
Togo,1987,3154264.0,Africa,56.941,1202.201361,390
Togo,1992,3747553.0,Africa,58.061,1034.298904,330
Togo,1997,4320890.0,Africa,58.39,982.2869243,330
Togo,2002,4977378.0,Africa,57.561,886.2205765,350
Togo,2007,5701579.0,Africa,58.42,882.9699438,470
Trinidad and Tobago,1962,887498.0,Americas,64.9,4997.523971,750
Trinidad and Tobago,1967,960155.0,Americas,65.4,5621.368472,790
Trinidad and Tobago,1972,975199.0,Americas,65.9,6619.551419,1200
Trinidad and Tobago,1977,1039009.0,Americas,68.3,7899.554209,3360
Trinidad and Tobago,1982,1116479.0,Americas,68.832,9119.528607,6120
Trinidad and Tobago,1987,1191336.0,Americas,69.582,7388.597823,3930
Trinidad and Tobago,1992,1183669.0,Americas,69.862,7370.990932,4080
Trinidad and Tobago,1997,1138101.0,Americas,69.465,8792.573126,4620
Trinidad and Tobago,2002,1101832.0,Americas,68.976,11460.60023,8070
Trinidad and Tobago,2007,1056608.0,Americas,69.819,18008.50924,17400
Tunisia,1962,4286552.0,Africa,49.579,1660.30321,
Tunisia,1967,4786986.0,Africa,52.053,1932.360167,250
Tunisia,1972,5303507.0,Africa,55.602,2753.285994,460
Tunisia,1977,6005061.0,Africa,59.837,3120.876811,940
Tunisia,1982,6734098.0,Africa,64.048,3560.233174,1180
Tunisia,1987,7724976.0,Africa,66.894,3810.419296,1330
Tunisia,1992,8523077.0,Africa,70.001,4332.720164,1660
Tunisia,1997,9231669.0,Africa,71.973,4876.798614,2150
Tunisia,2002,9770575.0,Africa,73.042,5722.895655,2450
Tunisia,2007,10276158.0,Africa,73.923,7092.923025,3860
Turkey,1962,29788695.0,Europe,52.098,2322.869908,
Turkey,1967,33411317.0,Europe,54.336,2826.356387,520
Turkey,1972,37492953.0,Europe,57.005,3450.69638,640
Turkey,1977,42404033.0,Europe,59.507,4269.122326,1530
Turkey,1982,47328791.0,Europe,61.036,4241.356344,1400
Turkey,1987,52881328.0,Europe,63.108,5089.043686,1860
Turkey,1992,58179144.0,Europe,66.146,5678.348271,3140
Turkey,1997,63047647.0,Europe,68.835,6601.429915,3440
Turkey,2002,67308928.0,Europe,70.845,6508.085718,3950
Turkey,2007,71158647.0,Europe,71.777,8458.276384,9850
Uganda,1962,7688797.0,Africa,45.344,767.2717398,
Uganda,1967,8900294.0,Africa,48.051,908.9185217,
Uganda,1972,10190285.0,Africa,51.016,950.735869,
Uganda,1977,11457758.0,Africa,50.35,843.7331372,
Uganda,1982,12939400.0,Africa,49.849,682.2662268,
Uganda,1987,15283050.0,Africa,51.509,617.7244065,400
Uganda,1992,18252190.0,Africa,48.825,644.1707969,180
Uganda,1997,21210254.0,Africa,44.578,816.559081,290
Uganda,2002,24739869.0,Africa,47.813,927.7210018,260
Uganda,2007,29170398.0,Africa,51.542,1056.380121,430
United Kingdom,1962,53292000.0,Europe,70.76,12477.17707,
United Kingdom,1967,54959000.0,Europe,71.36,14142.85089,
United Kingdom,1972,56079000.0,Europe,72.01,15895.11641,3910
United Kingdom,1977,56179000.0,Europe,72.76,17428.74846,5950
United Kingdom,1982,56339704.0,Europe,74.04,18232.42452,9860
United Kingdom,1987,56981620.0,Europe,75.007,21664.78767,16200
United Kingdom,1992,57866349.0,Europe,76.42,22705.09254,21400
United Kingdom,1997,58808266.0,Europe,77.218,26074.53136,26900
United Kingdom,2002,59912431.0,Europe,78.471,29478.99919,32299
United Kingdom,2007,60776238.0,Europe,79.425,33203.26128,48700
United States,1962,186538000.0,Americas,70.21,16173.14586,3410
United States,1967,198712000.0,Americas,70.76,19530.36557,4740
United States,1972,209896000.0,Americas,71.34,21806.03594,7290
United States,1977,220239000.0,Americas,73.38,24072.63213,10800
United States,1982,232187835.0,Americas,74.65,25009.55914,14600
United States,1987,242803533.0,Americas,75.02,29884.35041,23500
United States,1992,256894189.0,Americas,76.09,32003.93224,26400
United States,1997,272911760.0,Americas,76.81,35767.43303,32000
United States,2002,287675526.0,Americas,77.31,39097.09955,39800
United States,2007,301139947.0,Americas,78.242,42951.65309,49100
Uruguay,1962,2598466.0,Americas,68.253,5603.357717,610
Uruguay,1967,2748579.0,Americas,68.468,5444.61962,610
Uruguay,1972,2829526.0,Americas,68.673,5703.408898,1060
Uruguay,1977,2873520.0,Americas,69.481,6504.339663,1630
Uruguay,1982,2953997.0,Americas,70.805,6920.223051,2190
Uruguay,1987,3045153.0,Americas,71.918,7452.398969,2600
Uruguay,1992,3149262.0,Americas,72.752,8137.004775,4350
Uruguay,1997,3262838.0,Americas,74.223,9230.240708,7240
Uruguay,2002,3363085.0,Americas,75.307,7727.002004,4250
Uruguay,2007,3447496.0,Americas,76.384,10611.46299,7710
Venezuela,1962,8143375.0,Americas,60.77,8422.974165,990
Venezuela,1967,9709552.0,Americas,63.479,9541.474188,900
Venezuela,1972,11515649.0,Americas,65.712,10505.25966,1340
Venezuela,1977,13503563.0,Americas,67.456,13143.95095,2790
Venezuela,1982,15620766.0,Americas,68.557,11152.41011,3780
Venezuela,1987,17910182.0,Americas,70.19,9883.584648,3400
Venezuela,1992,20265563.0,Americas,71.15,10733.92631,2850
Venezuela,1997,22374398.0,Americas,72.146,10165.49518,3420
Venezuela,2002,24287670.0,Americas,72.766,8605.047831,3490
Venezuela,2007,26084662.0,Americas,73.747,11415.80569,9400
Vietnam,1962,33796140.0,Asia,45.363,772.0491602,
Vietnam,1967,39463910.0,Asia,47.838,637.1232887,
Vietnam,1972,44655014.0,Asia,50.254,699.5016441,
Vietnam,1977,50533506.0,Asia,55.764,713.5371196,
Vietnam,1982,56142181.0,Asia,58.816,707.2357863,
Vietnam,1987,62826491.0,Asia,62.82,820.7994449,
Vietnam,1992,69940728.0,Asia,67.662,989.0231487,160
Vietnam,1997,76048996.0,Asia,70.672,1385.896769,340
Vietnam,2002,80908147.0,Asia,73.017,1764.456677,460
Vietnam,2007,85262356.0,Asia,74.249,2441.576404,980
Zambia,1962,3421000.0,Africa,46.023,1452.725766,190
Zambia,1967,3900000.0,Africa,47.768,1777.077318,370
Zambia,1972,4506497.0,Africa,50.107,1773.498265,450
Zambia,1977,5216550.0,Africa,51.386,1588.688299,490
Zambia,1982,6100407.0,Africa,51.821,1408.678565,500
Zambia,1987,7272406.0,Africa,50.821,1213.315116,330
Zambia,1992,8381163.0,Africa,46.1,1210.884633,380
Zambia,1997,9417789.0,Africa,40.238,1071.353818,360
Zambia,2002,10595811.0,Africa,39.193,1071.613938,410
Zambia,2007,11746035.0,Africa,42.384,1271.211593,1180
Zimbabwe,1962,4277736.0,Africa,52.358,527.2721818,270
Zimbabwe,1967,4995432.0,Africa,53.995,569.7950712,300
Zimbabwe,1972,5861135.0,Africa,55.635,799.3621758,530
Zimbabwe,1977,6642107.0,Africa,57.674,685.5876821,650
Zimbabwe,1982,7636524.0,Africa,60.363,788.8550411,960
Zimbabwe,1987,9216418.0,Africa,62.351,706.1573059,810
Zimbabwe,1992,10704340.0,Africa,60.377,693.4207856,640
Zimbabwe,1997,11404948.0,Africa,46.809,792.4499603,620
Zimbabwe,2002,11926563.0,Africa,39.989,672.0386227,440
Zimbabwe,2007,12311143.0,Africa,43.487,469.7092981,330
